y,nb_row,nb_y_classes,nb_x_vars,nb_x_nr,distr_typ,distr_noise,mean_var
76.0,63.84,5.0,4.0,2.0,2.0,3.0,5.289046125202861
39.0,89.37,4.0,8.0,3.0,1.6666666666666667,1.0,7.82328974338209
27.0,34.57,3.0,6.0,2.0,1.5,3.0,5.995507173770224
22.0,60.2,3.0,3.0,1.0,3.0,1.0,2.605802495788515
15.0,12.46,5.0,3.0,1.0,3.0,1.0,2.283944678499075
44.0,31.3,4.0,7.0,2.0,2.0,2.0,6.285133301158892
86.0,90.15,3.0,8.0,2.0,2.0,2.0,8.423800654554286
7.0,6.19,5.0,6.0,4.0,2.25,2.0,4.2127700213456425
60.0,38.54,4.0,9.0,4.0,1.5,3.0,10.010987345629166
73.0,72.55,5.0,5.0,3.0,1.6666666666666667,2.0,6.5623552510169425
5.0,5.07,4.0,3.0,2.0,2.0,3.0,1.9897830169021598
93.0,94.4,5.0,3.0,2.0,1.5,2.0,4.486850738987774
22.0,24.09,5.0,3.0,2.0,3.0,1.0,2.322163011035655
31.0,13.3,3.0,8.0,2.0,2.0,3.0,6.37793019477763
60.0,60.2,3.0,3.0,2.0,3.0,2.0,3.570774134362374
67.0,85.09,3.0,6.0,2.0,2.0,2.0,6.718255185687834
43.0,56.97,3.0,5.0,2.0,1.5,1.0,4.244698150489399
46.0,86.65,5.0,8.0,1.0,3.0,3.0,7.636244098269677
32.0,37.92,4.0,4.0,0.0,0.0,3.0,3.374121975329196
93.0,92.65,4.0,7.0,4.0,2.0,2.0,9.403482070958436
1.0,7.53,3.0,7.0,5.0,2.2,2.0,4.084234504763774
19.0,9.35,5.0,4.0,2.0,1.5,2.0,2.8950060663495587
75.0,71.31,5.0,5.0,3.0,2.3333333333333335,2.0,6.3878487662959085
58.0,73.87,3.0,4.0,1.0,1.0,1.0,3.6427629956196865
80.0,69.65,4.0,7.0,2.0,2.5,3.0,7.73102359516267
57.0,39.41,5.0,5.0,3.0,1.6666666666666667,2.0,5.193002716607254
58.0,65.58,3.0,5.0,5.0,1.8,2.0,7.605735224275535
21.0,17.61,5.0,6.0,1.0,1.0,2.0,4.991493943211051
52.0,48.86,5.0,3.0,1.0,3.0,2.0,2.916041726282708
63.0,53.23,4.0,5.0,4.0,1.75,1.0,4.369179126920226
56.0,37.25,5.0,4.0,3.0,2.0,2.0,4.128360170983249
64.0,43.56,3.0,6.0,1.0,3.0,2.0,5.326160783208732
88.0,90.24,3.0,4.0,3.0,2.3333333333333335,1.0,4.386788382917831
3.0,2.0,4.0,6.0,4.0,2.5,3.0,3.842702057377209
34.0,18.68,3.0,3.0,1.0,2.0,3.0,2.498145899202421
24.0,37.63,3.0,5.0,3.0,2.0,1.0,3.7758451932396606
28.0,21.91,3.0,9.0,4.0,2.25,3.0,8.085145966595581
26.0,44.81,5.0,5.0,3.0,2.0,3.0,6.2812259504064665
54.0,35.86,5.0,5.0,1.0,1.0,3.0,4.7814533239288695
40.0,55.53,5.0,8.0,1.0,2.0,2.0,7.291151434119224
22.0,8.6,5.0,4.0,1.0,3.0,3.0,3.199591630759509
28.0,70.1,3.0,6.0,2.0,2.5,3.0,6.91294957040754
9.0,5.81,4.0,9.0,4.0,2.75,3.0,6.603069028401042
35.0,31.59,5.0,9.0,5.0,1.8,1.0,7.06554993520006
30.0,10.31,4.0,5.0,0.0,0.0,3.0,4.16526730354171
84.0,88.22,5.0,3.0,2.0,2.0,1.0,3.353388211976138
56.0,92.04,4.0,9.0,4.0,1.75,1.0,9.29072408083584
48.0,34.34,3.0,5.0,2.0,2.0,2.0,4.557182012395481
51.0,49.2,3.0,5.0,3.0,2.0,3.0,6.4248550688403965
81.0,93.61,5.0,9.0,3.0,2.0,2.0,10.251949758875693
15.0,95.24,4.0,9.0,1.0,3.0,3.0,8.515069628581506
68.0,66.44,5.0,4.0,2.0,2.0,1.0,3.768311331449285
1.0,6.66,4.0,3.0,3.0,1.6666666666666667,1.0,1.4958377709847237
3.0,10.83,4.0,3.0,2.0,1.0,1.0,1.9004780603944451
54.0,35.72,4.0,6.0,3.0,2.6666666666666665,3.0,6.5793808526365245
72.0,80.05,5.0,3.0,1.0,1.0,1.0,2.9084481331539944
6.0,3.73,3.0,4.0,1.0,3.0,1.0,3.0757910645798994
15.0,18.79,3.0,8.0,3.0,1.6666666666666667,3.0,6.901169204857248
17.0,11.45,5.0,4.0,1.0,3.0,2.0,3.1868944234715912
78.0,79.12,4.0,3.0,2.0,1.5,2.0,4.217917113272176
31.0,18.33,5.0,6.0,4.0,2.5,3.0,5.26091822516608
36.0,44.47,4.0,8.0,3.0,2.0,3.0,8.743649551408335
1.0,6.78,3.0,9.0,6.0,1.5,2.0,5.2440918358798205
17.0,39.74,3.0,8.0,4.0,1.75,1.0,6.2117354128187845
49.0,99.07,4.0,4.0,2.0,2.0,3.0,5.567914024252037
70.0,60.84,4.0,8.0,5.0,2.2,1.0,7.504850590696856
13.0,7.73,4.0,3.0,3.0,2.0,3.0,1.8298335081401915
57.0,69.95,3.0,5.0,1.0,1.0,1.0,4.459896498055564
15.0,18.41,5.0,6.0,1.0,2.0,1.0,4.809590417100836
33.0,29.09,3.0,6.0,4.0,1.75,2.0,5.148453889684014
88.0,82.68,4.0,9.0,6.0,2.0,1.0,9.52682221103012
88.0,99.35,3.0,8.0,6.0,2.1666666666666665,1.0,9.332751801689547
61.0,68.55,3.0,6.0,1.0,1.0,3.0,6.052163788794384
29.0,17.88,4.0,6.0,3.0,2.0,3.0,5.266456478239446
22.0,25.63,5.0,8.0,5.0,1.2,1.0,5.855416582975716
60.0,47.09,5.0,4.0,1.0,3.0,1.0,3.3962712926857557
32.0,26.35,3.0,8.0,3.0,2.0,3.0,7.597006294563874
24.0,24.14,5.0,3.0,3.0,1.0,1.0,2.0506526936906173
53.0,39.36,4.0,4.0,1.0,2.0,2.0,3.6025544844918906
90.0,88.55,4.0,7.0,2.0,1.5,3.0,8.162687280709621
1.0,1.48,5.0,6.0,3.0,1.6666666666666667,3.0,4.184031846093989
57.0,42.76,3.0,5.0,2.0,2.5,3.0,5.3890228598234
51.0,86.64,3.0,5.0,2.0,1.0,3.0,6.511278259508352
68.0,61.08,3.0,9.0,4.0,2.0,1.0,7.803099396767141
67.0,58.97,4.0,6.0,3.0,2.0,1.0,5.387542437694953
49.0,26.79,3.0,8.0,1.0,2.0,2.0,6.6320965186090755
51.0,52.53,5.0,7.0,2.0,2.0,3.0,7.4418709376212
27.0,39.53,3.0,8.0,1.0,2.0,1.0,6.500175274691679
42.0,38.64,4.0,8.0,1.0,2.0,3.0,7.2174363352755035
33.0,99.97,4.0,7.0,1.0,1.0,3.0,7.066073502159987
58.0,62.27,4.0,8.0,1.0,2.0,1.0,6.795371663813882
45.0,42.72,4.0,7.0,1.0,1.0,3.0,6.608921717775669
38.0,56.87,3.0,5.0,3.0,2.0,2.0,5.768188208621356
58.0,41.17,3.0,9.0,2.0,2.0,1.0,7.244453126581634
45.0,30.26,3.0,9.0,5.0,2.2,3.0,9.302025945477673
68.0,57.26,3.0,7.0,4.0,3.0,2.0,7.906821698042354
49.0,35.56,4.0,9.0,3.0,2.0,2.0,8.209409650186156
38.0,61.23,3.0,9.0,6.0,1.6666666666666667,1.0,8.149833425095535
61.0,58.39,3.0,6.0,1.0,1.0,3.0,5.966364941153717
12.0,16.69,4.0,7.0,3.0,2.6666666666666665,1.0,5.112220942607011
58.0,41.36,3.0,8.0,1.0,1.0,1.0,6.579909073504671
47.0,43.74,5.0,3.0,2.0,1.0,2.0,3.3673337379061534
59.0,84.17,3.0,4.0,2.0,1.0,2.0,5.182748481457878
45.0,29.1,5.0,7.0,5.0,2.0,2.0,6.568188594142428
32.0,60.86,4.0,9.0,1.0,2.0,3.0,8.461638467544914
54.0,32.3,5.0,5.0,1.0,3.0,3.0,4.611460610900388
3.0,11.09,4.0,5.0,3.0,2.3333333333333335,1.0,3.3195327872111213
7.0,3.72,3.0,9.0,2.0,1.5,2.0,6.904771187338196
37.0,29.7,3.0,9.0,2.0,2.0,2.0,7.5319599723957475
69.0,61.97,4.0,3.0,1.0,3.0,3.0,3.2896714836398324
89.0,83.95,3.0,9.0,4.0,2.75,3.0,11.415981406053247
68.0,64.86,3.0,9.0,4.0,1.25,2.0,10.325974628104726
82.0,95.88,4.0,4.0,3.0,1.3333333333333333,2.0,6.337737546371474
85.0,78.74,4.0,7.0,2.0,2.5,3.0,7.8283140453092175
48.0,57.74,3.0,9.0,3.0,2.0,1.0,7.716705646707928
28.0,12.08,3.0,3.0,1.0,1.0,2.0,2.232502119924795
84.0,89.28,4.0,8.0,2.0,1.5,3.0,9.08141442271745
44.0,51.7,3.0,3.0,2.0,1.0,1.0,2.6081041256002817
33.0,14.14,5.0,8.0,3.0,1.0,3.0,6.672326477471143
65.0,47.02,4.0,6.0,3.0,2.6666666666666665,3.0,7.083131818626842
1.0,7.13,3.0,5.0,3.0,2.3333333333333335,2.0,3.2258461544444343
18.0,77.18,3.0,8.0,1.0,2.0,3.0,7.763805854503542
28.0,20.01,3.0,5.0,1.0,3.0,2.0,4.081702543561094
57.0,77.32,5.0,3.0,2.0,3.0,2.0,3.8853394145972415
87.0,93.66,3.0,5.0,1.0,2.0,3.0,5.33400605423037
1.0,4.04,3.0,3.0,2.0,2.0,3.0,1.8476944500887673
1.0,5.96,3.0,7.0,4.0,1.5,1.0,4.230701384148677
18.0,18.5,5.0,6.0,4.0,2.0,3.0,5.500636743129809
51.0,86.79,3.0,4.0,1.0,1.0,3.0,4.50534155374635
24.0,77.27,5.0,3.0,1.0,2.0,1.0,2.7881050704384065
61.0,64.55,4.0,4.0,1.0,2.0,1.0,3.460856952019676
72.0,57.64,4.0,6.0,1.0,3.0,2.0,5.561574215044192
49.0,43.9,3.0,6.0,2.0,2.0,3.0,6.403352381939567
21.0,20.41,4.0,3.0,1.0,1.0,1.0,2.3470124926978895
91.0,98.32,3.0,6.0,3.0,2.3333333333333335,2.0,7.781716503548586
56.0,65.93,4.0,5.0,3.0,3.0,3.0,6.6498322508805465
55.0,35.0,4.0,7.0,2.0,2.0,1.0,5.492626763094405
49.0,33.91,3.0,3.0,2.0,2.5,2.0,2.8048266249112657
75.0,65.59,4.0,7.0,4.0,1.75,1.0,6.459233950193659
26.0,23.38,4.0,6.0,2.0,2.0,2.0,5.10650904499615
81.0,89.5,4.0,7.0,1.0,2.0,1.0,6.180306461368495
1.0,2.46,5.0,7.0,4.0,2.25,3.0,4.90514159874328
38.0,25.23,3.0,4.0,1.0,2.0,2.0,3.2686846183877725
8.0,5.19,3.0,6.0,3.0,1.3333333333333333,3.0,3.8632002277615216
26.0,40.86,4.0,7.0,3.0,1.6666666666666667,1.0,5.785867608150295
30.0,77.85,3.0,4.0,3.0,2.3333333333333335,3.0,6.2387919410137975
45.0,42.8,4.0,8.0,6.0,2.5,1.0,6.544282827688514
9.0,5.28,4.0,7.0,2.0,2.0,3.0,5.287714178951047
26.0,55.98,5.0,4.0,1.0,1.0,3.0,4.2687527513618955
67.0,83.89,5.0,9.0,1.0,2.0,3.0,8.636888851644114
54.0,93.24,3.0,6.0,3.0,1.3333333333333333,3.0,8.580300152735152
49.0,47.75,4.0,5.0,3.0,1.3333333333333333,2.0,5.610277369198864
32.0,57.65,4.0,5.0,3.0,2.3333333333333335,2.0,5.79317107017209
69.0,55.18,5.0,5.0,3.0,1.3333333333333333,1.0,4.574876401954262
16.0,18.22,5.0,3.0,1.0,2.0,3.0,2.5686497394405996
34.0,49.05,4.0,5.0,3.0,1.0,3.0,6.69081441396355
68.0,72.33,3.0,4.0,1.0,1.0,2.0,4.104570275667981
49.0,31.41,5.0,7.0,2.0,1.5,3.0,6.825398320268642
47.0,24.98,5.0,3.0,2.0,1.5,2.0,2.630225156268596
11.0,18.01,5.0,5.0,2.0,1.5,3.0,4.38700563828388
50.0,28.41,4.0,8.0,1.0,3.0,2.0,6.873866661338662
40.0,20.9,5.0,3.0,2.0,1.5,2.0,2.5038917094429234
51.0,70.53,3.0,5.0,1.0,1.0,3.0,5.247723554816976
38.0,56.38,5.0,8.0,3.0,2.0,2.0,8.493681802893931
30.0,34.23,5.0,9.0,2.0,2.0,1.0,7.451634269277032
45.0,28.16,5.0,3.0,0.0,0.0,1.0,2.532158404105951
13.0,17.92,5.0,9.0,3.0,1.3333333333333333,3.0,7.82629804471743
36.0,36.68,3.0,9.0,4.0,1.5,2.0,8.567130606432402
47.0,53.71,3.0,5.0,2.0,1.0,2.0,5.343882928830864
15.0,28.58,5.0,3.0,2.0,2.5,2.0,2.7108570094669435
45.0,70.41,3.0,4.0,1.0,3.0,1.0,3.5511714856058267
27.0,27.98,5.0,6.0,2.0,2.0,3.0,5.718577941375206
19.0,47.67,5.0,8.0,1.0,1.0,3.0,7.506876439029876
23.0,49.69,3.0,4.0,2.0,2.0,3.0,4.841202237522365
47.0,34.92,3.0,6.0,0.0,0.0,3.0,5.014889865033512
13.0,28.39,3.0,9.0,5.0,2.2,1.0,6.503742169818558
50.0,45.98,4.0,6.0,2.0,2.5,2.0,5.759556517691358
42.0,95.19,5.0,3.0,2.0,2.5,3.0,4.66543871591976
67.0,90.55,5.0,4.0,2.0,2.0,2.0,5.079483851440419
29.0,43.68,3.0,6.0,2.0,2.0,1.0,4.899793238011083
12.0,61.16,3.0,7.0,3.0,2.0,2.0,7.64556310172513
45.0,37.98,4.0,4.0,2.0,2.5,2.0,3.8891445097372985
39.0,80.84,4.0,7.0,1.0,3.0,2.0,6.554519009391034
1.0,9.06,3.0,3.0,2.0,2.0,1.0,1.845247829616492
81.0,82.04,4.0,7.0,1.0,3.0,2.0,6.578423547066326
25.0,10.25,3.0,7.0,1.0,1.0,1.0,5.440501670972902
44.0,96.65,3.0,4.0,2.0,2.0,2.0,5.17859086844444
40.0,25.04,5.0,4.0,2.0,2.0,2.0,3.5026126570898586
54.0,35.29,3.0,6.0,1.0,2.0,2.0,5.15473744765276
47.0,74.54,3.0,9.0,2.0,2.0,3.0,9.6159778155886
60.0,45.07,3.0,3.0,2.0,2.5,2.0,3.1792589126042707
96.0,97.59,5.0,5.0,3.0,1.6666666666666667,1.0,5.6113251606863885
50.0,52.71,3.0,4.0,1.0,2.0,3.0,4.150149857659382
70.0,59.05,5.0,8.0,5.0,1.6,3.0,11.298659340910772
47.0,31.07,5.0,3.0,1.0,2.0,2.0,2.6471068714966246
73.0,83.42,5.0,4.0,1.0,3.0,2.0,4.089141157793653
63.0,63.65,5.0,8.0,6.0,2.0,3.0,12.23869395617767
76.0,88.48,3.0,3.0,3.0,2.6666666666666665,1.0,3.540396664049644
20.0,15.72,5.0,3.0,1.0,1.0,3.0,2.5201962376454454
52.0,65.51,4.0,3.0,2.0,2.5,2.0,3.7857195608951733
58.0,66.47,3.0,9.0,4.0,1.75,1.0,8.019348925845344
53.0,59.66,4.0,9.0,3.0,2.0,1.0,7.909716399518993
83.0,89.22,4.0,3.0,0.0,0.0,3.0,2.495365259694081
31.0,77.13,5.0,5.0,2.0,2.0,2.0,5.749243907264799
81.0,73.14,3.0,7.0,3.0,2.0,1.0,6.352834505857095
56.0,51.4,3.0,5.0,1.0,1.0,1.0,4.215167523479663
71.0,82.08,3.0,7.0,3.0,1.6666666666666667,2.0,8.41695287295702
60.0,83.41,3.0,7.0,1.0,1.0,3.0,6.994835986905583
8.0,64.14,4.0,3.0,0.0,0.0,1.0,2.500032603556455
26.0,24.1,4.0,7.0,4.0,2.75,2.0,5.9084229099438375
79.0,87.53,4.0,7.0,3.0,2.0,1.0,7.00042910761856
14.0,24.09,3.0,8.0,5.0,2.2,1.0,5.1898250193772615
19.0,35.41,3.0,9.0,3.0,2.0,2.0,8.124972338440877
56.0,38.16,5.0,6.0,5.0,2.0,1.0,4.828017456747247
72.0,71.64,5.0,9.0,2.0,1.5,2.0,9.05765256944233
48.0,33.09,4.0,9.0,3.0,2.0,2.0,8.054811473006282
17.0,29.57,4.0,3.0,1.0,3.0,2.0,2.6381675285416195
84.0,75.91,3.0,9.0,6.0,2.0,1.0,9.039493648999116
58.0,48.42,5.0,5.0,1.0,3.0,2.0,4.598797416861269
53.0,84.45,5.0,8.0,3.0,2.3333333333333335,2.0,9.140815520624141
81.0,81.47,5.0,8.0,2.0,2.0,3.0,8.738147851225163
85.0,82.59,4.0,6.0,1.0,3.0,1.0,5.294584836622378
79.0,66.64,4.0,9.0,2.0,2.5,1.0,7.849863257997347
22.0,20.38,3.0,6.0,3.0,1.6666666666666667,1.0,4.007278020189562
43.0,50.06,5.0,8.0,1.0,1.0,3.0,7.56617855465369
62.0,46.06,4.0,6.0,1.0,3.0,1.0,5.010577714816606
16.0,3.61,4.0,9.0,2.0,2.0,1.0,6.757015412621929
67.0,98.51,4.0,9.0,4.0,1.25,1.0,9.516342441147
64.0,50.34,4.0,6.0,3.0,2.3333333333333335,2.0,6.350524227383889
83.0,75.3,4.0,8.0,3.0,1.3333333333333333,2.0,9.172900484215106
73.0,79.95,3.0,5.0,3.0,1.6666666666666667,1.0,5.1637015728567786
1.0,3.41,5.0,6.0,3.0,2.6666666666666665,3.0,4.4189026278152985
61.0,45.71,4.0,8.0,4.0,2.5,3.0,9.411251165443597
71.0,92.2,4.0,5.0,2.0,2.5,2.0,5.912101718911452
12.0,12.38,5.0,6.0,1.0,1.0,3.0,4.918956995463868
56.0,43.93,3.0,4.0,1.0,1.0,2.0,3.75751359899748
44.0,58.45,5.0,3.0,2.0,2.0,1.0,2.8385853679138173
28.0,13.82,4.0,6.0,1.0,1.0,2.0,4.918909445152138
67.0,67.75,5.0,5.0,1.0,1.0,1.0,4.451390389342904
20.0,15.68,4.0,8.0,3.0,1.3333333333333333,1.0,5.859544423314529
51.0,46.03,4.0,4.0,1.0,2.0,1.0,3.2995974690154406
95.0,95.96,5.0,5.0,3.0,2.3333333333333335,2.0,6.8270531793162705
46.0,47.06,5.0,6.0,1.0,3.0,1.0,5.0775965658662345
82.0,97.42,4.0,5.0,3.0,2.6666666666666665,3.0,7.354148457641553
88.0,84.31,3.0,4.0,2.0,2.0,1.0,4.0621191701317825
38.0,26.87,4.0,7.0,2.0,2.5,3.0,6.462578523653698
90.0,94.4,4.0,9.0,4.0,1.75,3.0,12.288393344870805
31.0,83.74,3.0,6.0,2.0,2.0,2.0,6.672163505558588
35.0,26.03,3.0,9.0,2.0,2.0,2.0,7.665283609470602
17.0,72.79,4.0,3.0,0.0,0.0,1.0,2.5177705183982413
38.0,43.55,4.0,6.0,3.0,2.3333333333333335,2.0,6.111208657006657
49.0,26.24,3.0,5.0,1.0,3.0,2.0,4.157972577377267
25.0,20.29,5.0,7.0,1.0,3.0,2.0,5.786425011764292
85.0,76.91,4.0,3.0,1.0,2.0,2.0,3.3005330174596437
54.0,32.86,3.0,6.0,2.0,1.5,3.0,6.014057046632545
1.0,2.56,3.0,4.0,1.0,3.0,3.0,2.9453372830826403
35.0,39.49,5.0,9.0,4.0,1.75,2.0,8.746291958705095
76.0,95.55,3.0,3.0,3.0,2.6666666666666665,1.0,3.6530360931956176
90.0,91.28,4.0,6.0,2.0,1.5,2.0,6.929528137390149
56.0,50.19,4.0,7.0,2.0,2.5,2.0,6.743033536368257
75.0,68.91,3.0,7.0,4.0,2.25,2.0,8.54316137175526
75.0,63.9,4.0,5.0,2.0,1.5,2.0,5.569753976431328
26.0,90.94,5.0,4.0,0.0,0.0,1.0,3.333401939357662
12.0,23.1,3.0,8.0,4.0,2.0,1.0,5.4650007709902875
1.0,3.38,4.0,7.0,3.0,2.3333333333333335,2.0,4.807245078294291
85.0,76.94,4.0,4.0,2.0,3.0,1.0,3.8627831960212147
70.0,54.72,4.0,5.0,2.0,2.5,3.0,5.765130029933098
86.0,88.06,3.0,4.0,1.0,2.0,2.0,4.230361679488183
61.0,53.25,5.0,9.0,3.0,2.0,2.0,9.193076270846849
76.0,79.04,5.0,8.0,3.0,2.0,3.0,9.825219034750283
96.0,98.32,5.0,8.0,4.0,1.75,2.0,10.510653525952897
45.0,77.69,4.0,6.0,4.0,2.0,2.0,8.251614703744307
12.0,21.13,3.0,8.0,4.0,1.5,2.0,6.373320784823399
70.0,52.24,5.0,3.0,1.0,3.0,1.0,2.599918685859681
44.0,48.8,5.0,4.0,2.0,1.0,3.0,5.023275380928845
34.0,20.98,4.0,6.0,3.0,1.3333333333333333,2.0,4.7727953734876
51.0,35.67,5.0,4.0,1.0,1.0,3.0,3.9536762366188247
36.0,27.15,3.0,5.0,2.0,1.0,2.0,4.265378654843971
51.0,38.57,3.0,6.0,3.0,1.3333333333333333,1.0,4.598343512306982
40.0,31.92,3.0,3.0,2.0,2.0,3.0,3.3935360571185815
53.0,72.64,5.0,8.0,5.0,2.0,1.0,8.06496793515124
34.0,93.55,5.0,6.0,4.0,1.5,2.0,8.769713426012338
52.0,79.87,3.0,7.0,5.0,2.2,3.0,10.98124142873099
23.0,13.67,5.0,3.0,1.0,1.0,3.0,2.5130225669092043
54.0,32.44,4.0,5.0,2.0,2.0,2.0,4.4089268480141115
31.0,27.37,3.0,4.0,2.0,1.0,2.0,3.4833615409844705
87.0,91.32,4.0,5.0,3.0,2.3333333333333335,2.0,6.8192518553544526
64.0,43.91,3.0,5.0,2.0,2.5,1.0,3.9737150887865007
69.0,51.03,5.0,9.0,3.0,1.6666666666666667,2.0,9.089599951693595
38.0,44.49,3.0,9.0,2.0,1.0,2.0,8.366004469260105
70.0,53.85,5.0,6.0,1.0,1.0,2.0,5.624647989180824
82.0,76.1,4.0,9.0,4.0,1.75,3.0,11.682437857104668
81.0,74.84,3.0,9.0,5.0,2.4,1.0,8.764916849995256
23.0,9.91,5.0,5.0,2.0,2.0,2.0,3.818732261343549
58.0,47.67,5.0,4.0,3.0,2.3333333333333335,1.0,3.3621027144283744
68.0,95.59,4.0,6.0,2.0,2.0,1.0,5.841906425715385
11.0,8.04,3.0,9.0,3.0,2.0,2.0,6.617527939826698
78.0,67.39,4.0,8.0,6.0,1.3333333333333333,1.0,7.946427187830035
1.0,5.57,5.0,3.0,1.0,2.0,1.0,2.249508632961254
77.0,75.46,5.0,8.0,2.0,1.5,1.0,7.2825536645537525
19.0,8.59,3.0,8.0,2.0,2.5,2.0,6.087286705713337
53.0,73.49,3.0,7.0,3.0,2.0,2.0,8.120773855276333
26.0,35.62,3.0,3.0,2.0,2.0,1.0,2.2749295034327615
74.0,58.17,4.0,9.0,5.0,3.0,3.0,11.332586858471943
74.0,90.24,3.0,4.0,2.0,3.0,2.0,4.901007689981287
32.0,35.71,4.0,9.0,2.0,3.0,2.0,8.059249276923568
36.0,28.46,5.0,7.0,1.0,2.0,1.0,5.665158675768052
71.0,64.46,5.0,8.0,4.0,2.25,2.0,9.251308918743046
64.0,72.1,4.0,3.0,2.0,3.0,1.0,2.964222182057984
63.0,47.41,5.0,6.0,2.0,2.5,1.0,5.033736200597935
50.0,41.1,5.0,9.0,3.0,1.0,3.0,9.67986362577256
48.0,58.84,3.0,9.0,6.0,2.3333333333333335,1.0,7.777070965733805
61.0,42.39,4.0,4.0,1.0,1.0,3.0,4.046616457255003
60.0,60.58,3.0,7.0,6.0,2.1666666666666665,3.0,11.063821491838945
43.0,27.51,4.0,4.0,3.0,2.3333333333333335,2.0,3.6505982125323087
84.0,84.26,4.0,8.0,5.0,1.8,1.0,8.493465902822974
94.0,93.96,4.0,5.0,4.0,2.0,3.0,8.520064815453882
55.0,75.42,5.0,4.0,2.0,3.0,1.0,3.942174713754229
95.0,96.47,4.0,4.0,1.0,3.0,3.0,4.298265311277508
57.0,66.51,4.0,4.0,2.0,2.5,1.0,3.6953234476718317
71.0,54.66,5.0,7.0,1.0,1.0,3.0,6.7376901427282885
1.0,8.64,4.0,5.0,1.0,2.0,2.0,3.8604168448342464
43.0,44.75,3.0,7.0,3.0,1.3333333333333333,1.0,5.652416466705274
83.0,83.43,3.0,6.0,3.0,2.3333333333333335,2.0,7.428261263600481
44.0,71.41,4.0,7.0,1.0,2.0,3.0,6.887581292395009
47.0,33.84,5.0,6.0,1.0,3.0,2.0,5.241363865164463
44.0,27.92,3.0,5.0,2.0,2.5,3.0,4.827275005287705
39.0,80.52,4.0,4.0,1.0,2.0,2.0,4.1544292229872415
32.0,68.55,3.0,7.0,4.0,2.5,1.0,6.434726486237558
50.0,41.8,3.0,3.0,2.0,2.0,1.0,2.381652617363472
87.0,88.45,3.0,8.0,4.0,1.25,3.0,11.347213708245569
11.0,65.13,5.0,3.0,0.0,0.0,3.0,2.500620731613106
30.0,11.06,5.0,4.0,1.0,1.0,2.0,3.141027604007933
49.0,45.34,4.0,7.0,1.0,2.0,2.0,6.254308300551008
19.0,4.79,5.0,6.0,2.0,3.0,2.0,4.509871835642701
61.0,40.12,5.0,8.0,3.0,1.6666666666666667,1.0,6.531881307271268
51.0,78.28,4.0,5.0,2.0,2.5,1.0,4.757993531517792
40.0,55.44,5.0,7.0,3.0,2.3333333333333335,1.0,6.259628433521331
59.0,41.74,5.0,4.0,1.0,1.0,2.0,3.7652332648490767
59.0,55.58,5.0,7.0,3.0,1.6666666666666667,2.0,7.621531409485178
61.0,51.53,4.0,4.0,3.0,2.6666666666666665,1.0,3.429818579119721
75.0,91.56,5.0,7.0,4.0,2.0,3.0,10.505035409758909
71.0,54.51,3.0,9.0,4.0,1.75,3.0,10.965445674958184
53.0,51.46,4.0,3.0,1.0,1.0,1.0,2.556376254776409
68.0,59.8,3.0,7.0,2.0,1.5,3.0,7.642287330806976
59.0,71.62,5.0,4.0,2.0,3.0,2.0,4.655328988602352
40.0,61.07,5.0,6.0,0.0,0.0,3.0,5.033348178573745
52.0,83.53,3.0,4.0,1.0,3.0,2.0,4.066249308877153
21.0,7.39,4.0,9.0,1.0,2.0,3.0,7.318553303091132
53.0,87.04,4.0,9.0,4.0,2.75,1.0,8.859678141815197
73.0,67.62,3.0,8.0,3.0,1.3333333333333333,1.0,7.261709792666899
44.0,55.12,3.0,7.0,1.0,2.0,1.0,5.866333881621053
7.0,9.25,4.0,5.0,4.0,2.25,3.0,3.548166616611716
66.0,54.3,3.0,3.0,1.0,3.0,3.0,3.248917227840573
5.0,3.83,5.0,6.0,1.0,3.0,1.0,4.828623815457187
65.0,60.25,3.0,4.0,2.0,1.5,1.0,3.5167863017862313
54.0,87.56,4.0,9.0,5.0,2.4,2.0,11.746529761663675
55.0,43.87,3.0,8.0,4.0,2.75,1.0,6.410723835401293
23.0,22.75,3.0,4.0,2.0,2.5,3.0,3.6078896535172174
16.0,12.32,3.0,7.0,2.0,2.0,3.0,5.540108034481886
35.0,14.29,5.0,7.0,2.0,1.5,1.0,5.366513820055139
68.0,52.67,5.0,7.0,1.0,2.0,3.0,6.683689368897925
29.0,50.9,3.0,6.0,2.0,2.0,1.0,5.099320895766981
52.0,38.27,4.0,7.0,2.0,2.5,2.0,6.305386966199802
70.0,75.16,4.0,4.0,1.0,2.0,1.0,3.560750876947371
18.0,8.64,5.0,4.0,3.0,2.6666666666666665,3.0,2.8944414746321914
51.0,98.45,3.0,3.0,1.0,1.0,1.0,3.032940918141299
28.0,64.43,4.0,6.0,3.0,2.3333333333333335,1.0,5.443971794192146
55.0,39.74,4.0,8.0,3.0,2.6666666666666665,3.0,8.332461164941872
44.0,93.55,3.0,5.0,1.0,3.0,3.0,5.149019764719529
5.0,14.21,4.0,8.0,3.0,2.3333333333333335,1.0,5.873881637929152
52.0,29.69,4.0,7.0,3.0,3.0,2.0,6.263055889285237
16.0,55.43,5.0,6.0,4.0,2.75,3.0,8.111602259529839
6.0,3.13,4.0,7.0,2.0,1.0,3.0,5.220810348769445
51.0,80.32,3.0,9.0,4.0,2.25,3.0,11.636222511637571
15.0,4.93,5.0,8.0,4.0,1.75,3.0,5.709777538903472
91.0,87.37,3.0,4.0,1.0,1.0,3.0,4.499290432538891
41.0,25.4,5.0,4.0,3.0,2.3333333333333335,3.0,4.163675403905564
30.0,86.13,4.0,3.0,2.0,2.5,3.0,4.575726763315726
90.0,88.84,5.0,7.0,4.0,2.5,1.0,7.41924823378656
30.0,79.4,5.0,4.0,3.0,2.3333333333333335,1.0,4.361489936232654
88.0,91.51,5.0,6.0,2.0,2.5,2.0,6.7214663055806305
2.0,7.1,3.0,8.0,3.0,1.3333333333333333,1.0,5.381351689774472
12.0,12.18,5.0,8.0,4.0,2.5,2.0,6.04509548208467
55.0,43.69,4.0,3.0,3.0,2.3333333333333335,1.0,2.3302537539501964
78.0,92.31,3.0,6.0,3.0,2.0,2.0,7.7274121557488975
39.0,20.65,4.0,7.0,4.0,2.0,1.0,4.886740921098216
27.0,97.41,5.0,7.0,3.0,2.6666666666666665,3.0,8.965969212098518
76.0,65.31,4.0,6.0,3.0,1.6666666666666667,2.0,7.048527932051852
62.0,51.83,5.0,6.0,2.0,2.0,1.0,5.177079393911591
28.0,14.1,3.0,7.0,4.0,2.5,3.0,5.3606145897753965
60.0,71.01,5.0,9.0,2.0,3.0,3.0,9.227106944318981
3.0,2.72,3.0,3.0,1.0,3.0,1.0,2.2112877911581124
30.0,73.4,5.0,3.0,1.0,1.0,1.0,2.8388569403283075
47.0,29.61,4.0,3.0,1.0,2.0,1.0,2.339169559733558
55.0,67.84,3.0,9.0,5.0,2.4,2.0,10.823449606364244
33.0,20.99,3.0,8.0,4.0,2.25,1.0,5.531539331420242
60.0,52.45,3.0,4.0,3.0,1.6666666666666667,1.0,3.517709892494452
28.0,34.65,5.0,3.0,1.0,2.0,3.0,3.031510842932535
40.0,77.48,5.0,4.0,0.0,0.0,2.0,3.3122861464375437
49.0,63.76,5.0,3.0,1.0,2.0,2.0,3.1756443547577353
39.0,54.79,4.0,3.0,0.0,0.0,1.0,2.540748285003708
15.0,7.88,3.0,5.0,2.0,1.0,2.0,3.4943234242502412
86.0,78.11,4.0,7.0,4.0,1.75,1.0,7.025592875186122
71.0,95.78,5.0,8.0,1.0,3.0,3.0,7.649744512468441
62.0,47.12,4.0,8.0,1.0,2.0,3.0,7.411785667487432
63.0,71.78,3.0,5.0,0.0,0.0,2.0,4.156003280976764
91.0,88.9,3.0,5.0,3.0,1.6666666666666667,1.0,5.413883445662674
1.0,1.51,3.0,5.0,2.0,2.5,3.0,3.255548632818988
33.0,90.82,5.0,4.0,2.0,1.5,1.0,4.22746582345305
24.0,28.59,4.0,3.0,3.0,2.3333333333333335,1.0,2.0438268797744166
43.0,74.93,5.0,5.0,3.0,1.3333333333333333,2.0,6.6530142594127035
95.0,98.45,4.0,5.0,1.0,1.0,2.0,5.21827959103281
33.0,45.66,3.0,7.0,3.0,3.0,1.0,5.7901854899183824
8.0,19.77,4.0,3.0,1.0,1.0,3.0,2.6534061201973143
11.0,7.85,4.0,7.0,3.0,1.3333333333333333,3.0,5.278733004539367
97.0,99.16,4.0,3.0,2.0,1.0,3.0,4.990670184745936
65.0,87.77,5.0,3.0,1.0,2.0,1.0,2.859557452184353
55.0,50.42,3.0,4.0,1.0,1.0,1.0,3.402140897787453
88.0,99.98,5.0,3.0,1.0,1.0,3.0,3.7125435531011566
83.0,77.63,3.0,4.0,2.0,1.5,1.0,3.8646868453170407
16.0,16.56,5.0,9.0,3.0,2.0,1.0,6.8891673175290835
40.0,83.28,3.0,4.0,0.0,0.0,3.0,3.332525977869352
46.0,25.21,3.0,7.0,2.0,2.5,3.0,6.283466358961562
65.0,97.68,4.0,8.0,1.0,3.0,3.0,7.669131139407979
32.0,13.11,4.0,6.0,2.0,2.0,2.0,4.7221243668625945
18.0,19.07,5.0,6.0,2.0,2.0,2.0,4.9342180103936295
58.0,49.44,5.0,5.0,2.0,1.5,3.0,5.818982596820699
35.0,36.76,3.0,7.0,3.0,2.3333333333333335,3.0,7.479095201774915
92.0,95.07,5.0,9.0,1.0,1.0,2.0,8.514836644832574
19.0,22.51,3.0,7.0,1.0,2.0,3.0,5.975431106533513
80.0,69.87,5.0,7.0,2.0,1.5,1.0,6.308326437700582
24.0,24.5,3.0,7.0,4.0,2.75,1.0,4.822694987026284
82.0,73.12,3.0,9.0,4.0,2.5,3.0,11.18153572740722
24.0,16.73,4.0,8.0,3.0,1.6666666666666667,2.0,6.100722632074234
15.0,5.64,4.0,9.0,4.0,1.75,3.0,6.304697733364984
45.0,77.93,4.0,4.0,1.0,1.0,3.0,4.460594950380552
46.0,31.09,4.0,4.0,3.0,1.6666666666666667,3.0,4.725915190769301
36.0,86.3,4.0,6.0,1.0,2.0,2.0,5.9112745069285015
54.0,86.27,4.0,4.0,1.0,1.0,1.0,3.7698807434790824
77.0,86.19,3.0,9.0,5.0,2.0,3.0,13.038391678686901
56.0,57.95,5.0,3.0,2.0,1.5,3.0,4.3628827829788195
36.0,15.78,4.0,9.0,4.0,2.25,3.0,7.352466889335762
68.0,92.17,4.0,3.0,2.0,1.5,2.0,4.426010117747203
29.0,22.69,5.0,8.0,6.0,1.8333333333333333,1.0,5.702100874483511
13.0,5.08,5.0,6.0,1.0,2.0,3.0,4.674987800070136
73.0,73.42,3.0,9.0,5.0,2.4,3.0,12.381053779010191
40.0,27.05,3.0,5.0,3.0,2.3333333333333335,2.0,4.384456842029561
46.0,68.76,3.0,3.0,1.0,1.0,2.0,3.2656724523218466
54.0,80.37,5.0,9.0,4.0,2.25,1.0,8.85490140749824
64.0,57.96,5.0,8.0,2.0,2.0,3.0,8.51093722444771
81.0,76.8,5.0,9.0,5.0,2.4,3.0,12.517931727724285
69.0,58.61,3.0,6.0,2.0,1.5,2.0,6.2592214326949
39.0,39.68,3.0,4.0,3.0,2.3333333333333335,1.0,2.9174071033698667
46.0,37.17,5.0,4.0,1.0,3.0,2.0,3.616281188433601
26.0,57.9,4.0,5.0,2.0,3.0,1.0,4.442563681748323
60.0,73.8,4.0,8.0,4.0,1.75,1.0,7.643977815405546
73.0,65.89,3.0,3.0,2.0,2.5,2.0,3.77622028135476
52.0,84.99,3.0,9.0,5.0,2.2,1.0,9.27471535146816
50.0,45.81,5.0,7.0,4.0,1.75,2.0,7.594032221025741
25.0,52.61,5.0,7.0,2.0,1.5,2.0,6.95804170143784
59.0,78.66,3.0,8.0,2.0,1.5,1.0,7.241879876362315
15.0,34.93,4.0,3.0,1.0,3.0,1.0,2.431924872812966
52.0,36.34,5.0,7.0,2.0,1.0,1.0,5.7269322804578975
1.0,49.58,5.0,9.0,1.0,3.0,3.0,8.221969274858624
65.0,67.23,5.0,5.0,2.0,3.0,1.0,4.647820888658211
59.0,54.33,5.0,5.0,2.0,2.5,2.0,5.182120686234338
79.0,65.93,4.0,9.0,1.0,3.0,2.0,8.130962435842617
95.0,94.5,4.0,6.0,3.0,2.3333333333333335,2.0,7.593322954147247
29.0,31.41,3.0,3.0,2.0,1.5,3.0,3.381749984945052
38.0,44.54,5.0,7.0,1.0,3.0,2.0,6.25087906326891
6.0,2.84,3.0,6.0,2.0,2.0,3.0,4.396439369823437
48.0,58.98,4.0,4.0,1.0,2.0,3.0,4.237119238974039
34.0,50.42,5.0,3.0,2.0,2.0,2.0,3.5778550508491627
15.0,6.2,5.0,7.0,2.0,2.0,1.0,5.457331053416124
41.0,24.37,5.0,4.0,3.0,2.0,2.0,3.482109013409585
77.0,69.63,5.0,4.0,2.0,2.5,2.0,4.691012134975841
5.0,85.01,4.0,3.0,0.0,0.0,3.0,2.494817972380506
68.0,50.33,3.0,4.0,2.0,2.5,2.0,4.250301833895271
30.0,16.44,4.0,4.0,1.0,1.0,2.0,3.299262395965766
42.0,57.99,5.0,6.0,4.0,1.5,2.0,7.491585253220963
7.0,9.58,4.0,4.0,1.0,1.0,2.0,3.0679778189867526
35.0,28.52,5.0,4.0,2.0,2.0,1.0,3.146970098444348
20.0,8.69,4.0,4.0,1.0,1.0,2.0,3.1296241458792466
4.0,17.92,3.0,4.0,2.0,2.5,1.0,2.7240274936732547
70.0,59.89,3.0,6.0,3.0,1.6666666666666667,3.0,7.711977541680625
13.0,7.04,4.0,5.0,1.0,2.0,2.0,3.8478123186175037
7.0,99.32,3.0,4.0,0.0,0.0,3.0,3.34785292765402
53.0,42.13,3.0,7.0,1.0,3.0,3.0,6.434613317575885
8.0,7.62,5.0,5.0,4.0,2.0,2.0,3.3857641255922046
1.0,2.66,4.0,9.0,2.0,1.0,3.0,6.802016397567804
55.0,81.92,5.0,3.0,2.0,2.0,1.0,3.2735851909486646
57.0,42.68,3.0,7.0,2.0,2.5,1.0,5.639391004134859
69.0,58.55,4.0,5.0,4.0,2.5,1.0,4.596242946990071
62.0,58.02,5.0,8.0,1.0,3.0,2.0,7.191021327733337
65.0,45.76,4.0,7.0,4.0,2.5,3.0,8.532369936422004
1.0,2.51,3.0,8.0,5.0,2.2,3.0,4.827837896943162
38.0,16.71,3.0,9.0,2.0,2.0,2.0,6.96593928320383
19.0,25.73,5.0,6.0,1.0,2.0,2.0,4.977624977180439
53.0,39.96,4.0,3.0,1.0,2.0,1.0,2.4108208361847563
41.0,61.07,5.0,8.0,2.0,1.5,1.0,7.025046360981332
72.0,65.37,3.0,4.0,3.0,2.3333333333333335,1.0,3.837049719028727
19.0,10.66,5.0,3.0,2.0,1.5,3.0,2.278671934932691
65.0,93.24,4.0,5.0,2.0,2.5,1.0,4.985341838576434
37.0,60.91,3.0,6.0,2.0,2.0,2.0,6.207839996643075
73.0,60.53,4.0,5.0,3.0,1.6666666666666667,3.0,7.0437951598763
6.0,28.96,4.0,4.0,2.0,2.5,2.0,3.507602201127342
36.0,68.47,4.0,5.0,2.0,1.5,2.0,5.648857900475535
58.0,44.42,3.0,4.0,1.0,1.0,2.0,3.801855681779372
54.0,40.67,5.0,9.0,6.0,1.8333333333333333,1.0,7.3435656832947975
58.0,56.31,3.0,7.0,1.0,1.0,1.0,5.91724497106161
60.0,47.42,3.0,9.0,3.0,1.3333333333333333,3.0,9.845963507576307
1.0,2.58,4.0,5.0,3.0,2.0,1.0,3.0075307458597997
32.0,29.83,3.0,7.0,1.0,1.0,3.0,6.31204731231321
42.0,19.8,5.0,9.0,8.0,2.375,2.0,7.207418877237182
85.0,84.9,3.0,6.0,4.0,2.25,1.0,6.375165851749507
72.0,73.75,4.0,4.0,2.0,2.5,2.0,4.7482518898962525
47.0,46.04,3.0,9.0,1.0,1.0,3.0,8.33292719930126
1.0,1.75,4.0,5.0,3.0,2.0,1.0,3.31300619922244
27.0,13.9,4.0,4.0,2.0,2.0,3.0,3.2529803217773465
1.0,3.62,5.0,8.0,5.0,1.8,1.0,5.439970846470919
36.0,52.62,4.0,6.0,1.0,1.0,3.0,5.892252058216573
59.0,49.17,5.0,4.0,1.0,3.0,3.0,4.024319338633311
59.0,81.24,5.0,3.0,1.0,3.0,3.0,3.4230225578447815
43.0,22.61,5.0,6.0,3.0,2.0,1.0,4.555823680571941
15.0,91.2,5.0,3.0,2.0,2.0,3.0,4.660279424934194
57.0,45.85,5.0,9.0,2.0,2.5,3.0,8.81956582428385
23.0,15.66,4.0,5.0,1.0,1.0,1.0,3.93295600878461
68.0,79.22,5.0,8.0,4.0,2.25,1.0,7.852653180475719
58.0,38.9,4.0,8.0,6.0,2.0,3.0,10.2045425350517
18.0,11.07,4.0,8.0,2.0,1.5,1.0,6.019308335823994
54.0,99.99,3.0,3.0,1.0,2.0,2.0,3.4847424849208792
91.0,86.51,5.0,7.0,5.0,1.8,2.0,10.36925509248789
91.0,96.45,4.0,3.0,1.0,3.0,3.0,3.4840235097457573
84.0,85.52,3.0,7.0,2.0,1.5,3.0,8.119946435076594
75.0,90.36,4.0,8.0,4.0,2.75,2.0,9.91920331494193
72.0,74.09,5.0,9.0,1.0,3.0,2.0,8.227797930003305
60.0,44.8,3.0,6.0,1.0,1.0,1.0,4.974329978747049
92.0,89.23,4.0,3.0,2.0,1.5,2.0,4.374911892687603
87.0,83.61,3.0,8.0,4.0,1.5,1.0,8.134297233057442
63.0,71.21,4.0,5.0,1.0,3.0,2.0,4.818361478164765
34.0,38.15,4.0,9.0,1.0,3.0,3.0,8.044586854207443
88.0,83.21,4.0,5.0,2.0,1.5,3.0,6.453928350305722
70.0,88.84,4.0,7.0,3.0,2.3333333333333335,2.0,8.458944025177484
27.0,29.82,5.0,3.0,1.0,2.0,3.0,2.902045315398944
13.0,29.28,5.0,6.0,0.0,0.0,3.0,4.989357942058633
19.0,73.15,4.0,4.0,1.0,1.0,3.0,4.441818724815815
82.0,81.0,3.0,4.0,2.0,2.5,1.0,3.9026299381036247
19.0,14.38,4.0,7.0,2.0,3.0,1.0,5.338889501317822
43.0,22.45,4.0,5.0,2.0,1.5,1.0,3.6908542846817545
14.0,25.03,5.0,8.0,4.0,2.25,1.0,6.136430063589455
36.0,34.45,4.0,6.0,4.0,2.0,1.0,4.528190538693798
42.0,25.83,5.0,5.0,1.0,1.0,2.0,4.234395019371205
77.0,97.6,3.0,7.0,1.0,1.0,1.0,6.3609381519615384
60.0,79.24,4.0,8.0,2.0,1.5,1.0,7.316573115526339
39.0,54.41,3.0,6.0,4.0,2.25,3.0,8.200461332864887
25.0,50.89,4.0,5.0,2.0,2.0,3.0,5.720356868318563
53.0,37.33,3.0,8.0,3.0,2.3333333333333335,1.0,6.146040551061991
73.0,90.82,3.0,6.0,1.0,3.0,1.0,5.402150611574603
43.0,42.66,4.0,3.0,0.0,0.0,3.0,2.4782863823181103
82.0,72.17,4.0,4.0,2.0,1.5,1.0,3.828013393134285
66.0,49.94,4.0,9.0,4.0,1.75,1.0,7.642608005661288
54.0,70.49,5.0,9.0,4.0,1.75,2.0,10.558516119181848
36.0,49.26,3.0,9.0,5.0,2.0,3.0,11.274682819261882
97.0,98.3,3.0,9.0,4.0,2.0,1.0,9.268875982351883
40.0,35.71,5.0,3.0,1.0,3.0,2.0,2.782946448419584
55.0,47.49,5.0,7.0,1.0,3.0,2.0,6.272618632517946
73.0,74.66,4.0,9.0,2.0,2.0,1.0,8.117074813887426
1.0,8.04,4.0,5.0,3.0,2.3333333333333335,1.0,3.3016251861545283
63.0,92.7,5.0,6.0,2.0,3.0,1.0,5.820561494732818
29.0,73.01,4.0,6.0,3.0,2.0,1.0,5.829332691427124
7.0,10.93,4.0,6.0,3.0,2.3333333333333335,3.0,4.713676041979053
83.0,72.37,5.0,3.0,1.0,3.0,1.0,2.7661922533785255
32.0,11.83,3.0,5.0,2.0,1.5,2.0,3.452058742539086
58.0,47.95,4.0,8.0,3.0,1.6666666666666667,2.0,8.140866430056851
43.0,22.8,5.0,6.0,2.0,1.0,3.0,5.570724183005662
67.0,50.78,3.0,6.0,2.0,2.5,3.0,6.4776288985677
63.0,99.67,5.0,9.0,2.0,2.0,3.0,9.734889129956802
56.0,66.03,3.0,5.0,1.0,2.0,3.0,5.131717683530879
97.0,98.76,3.0,3.0,3.0,2.0,2.0,5.332671718156496
36.0,19.36,3.0,6.0,2.0,2.0,3.0,5.041486786096977
69.0,95.61,5.0,9.0,6.0,1.6666666666666667,3.0,14.519364035142791
20.0,11.57,3.0,5.0,1.0,1.0,2.0,3.863374019448185
17.0,81.85,4.0,7.0,5.0,1.6,3.0,11.460650815702435
3.0,5.38,4.0,5.0,2.0,2.0,2.0,3.618627355341277
20.0,11.51,5.0,9.0,3.0,2.3333333333333335,2.0,6.973712552430439
34.0,26.31,4.0,9.0,3.0,1.6666666666666667,2.0,7.658464594057365
43.0,23.59,5.0,7.0,3.0,2.0,2.0,5.958481135076377
46.0,27.22,5.0,8.0,5.0,2.0,2.0,7.265774576293584
61.0,84.45,3.0,7.0,1.0,3.0,3.0,6.746859171556094
2.0,1.2,4.0,6.0,3.0,2.3333333333333335,2.0,4.315560342059559
28.0,26.21,5.0,4.0,2.0,1.0,1.0,3.057451949436487
72.0,55.24,5.0,9.0,5.0,2.4,3.0,11.492341239631402
1.0,1.53,5.0,8.0,3.0,1.0,1.0,5.596389094569348
2.0,1.71,3.0,5.0,2.0,2.0,2.0,3.347698345014297
15.0,7.27,4.0,4.0,2.0,2.5,3.0,2.9618558106375414
65.0,57.14,3.0,4.0,2.0,2.5,3.0,5.014084434870922
15.0,39.93,5.0,4.0,1.0,1.0,2.0,3.7508644793796693
76.0,82.55,4.0,4.0,1.0,2.0,3.0,4.422861502993078
36.0,52.87,4.0,9.0,3.0,1.6666666666666667,2.0,9.177817829844924
31.0,40.71,3.0,3.0,2.0,2.5,2.0,3.053694528623122
83.0,82.91,5.0,6.0,2.0,1.5,1.0,5.75992153631174
38.0,44.06,5.0,8.0,6.0,2.0,2.0,9.12899881717192
29.0,24.82,4.0,4.0,1.0,2.0,2.0,3.298624819092577
1.0,5.13,4.0,5.0,2.0,1.5,1.0,3.5067054608676016
64.0,44.67,4.0,6.0,4.0,1.75,3.0,7.839307530205123
54.0,63.61,3.0,4.0,1.0,2.0,3.0,4.259531137051879
60.0,42.72,4.0,6.0,2.0,2.0,1.0,4.969421212245687
56.0,78.96,3.0,6.0,4.0,2.25,2.0,8.1662584110641
49.0,92.73,3.0,4.0,1.0,1.0,3.0,4.5336469449816414
61.0,54.76,5.0,9.0,5.0,2.4,3.0,11.437857824846132
73.0,96.19,3.0,5.0,1.0,3.0,2.0,4.973709259012937
56.0,97.22,4.0,3.0,1.0,2.0,2.0,3.472981905924779
76.0,88.13,5.0,6.0,2.0,3.0,2.0,6.509854829931355
44.0,86.64,5.0,4.0,1.0,2.0,3.0,4.5013942599824714
93.0,93.29,5.0,6.0,2.0,2.5,2.0,6.7447062491002745
18.0,40.06,4.0,4.0,2.0,2.0,3.0,4.53311326085294
22.0,49.44,4.0,6.0,1.0,3.0,3.0,5.699947446568549
11.0,3.34,3.0,3.0,1.0,3.0,2.0,2.2384044859455314
42.0,28.95,3.0,8.0,3.0,2.3333333333333335,2.0,6.994360021289491
31.0,27.43,4.0,4.0,2.0,2.5,1.0,2.986148572730054
48.0,52.41,3.0,9.0,2.0,1.5,3.0,9.19068406157755
54.0,44.56,3.0,5.0,1.0,1.0,1.0,4.081396772035385
9.0,8.21,5.0,9.0,2.0,1.5,1.0,7.138202155259263
45.0,40.1,5.0,5.0,3.0,1.3333333333333333,1.0,4.0872639968826165
41.0,71.31,4.0,9.0,3.0,1.6666666666666667,2.0,9.794364852514732
55.0,75.55,4.0,3.0,1.0,3.0,1.0,2.8035890806148296
20.0,29.87,3.0,8.0,4.0,1.5,1.0,5.878886332630674
7.0,26.14,3.0,4.0,1.0,2.0,1.0,3.030058730798797
73.0,73.49,3.0,6.0,2.0,2.5,1.0,5.399289911344243
62.0,53.81,3.0,4.0,1.0,3.0,1.0,3.378160459288861
43.0,47.38,4.0,7.0,4.0,1.5,1.0,5.808779448436226
51.0,75.5,4.0,9.0,2.0,1.5,3.0,9.762084253523277
19.0,88.13,4.0,3.0,1.0,3.0,3.0,3.4685947307527485
48.0,85.84,4.0,8.0,1.0,2.0,1.0,6.985874600008941
81.0,95.12,5.0,9.0,3.0,1.3333333333333333,1.0,8.962833760651987
50.0,34.58,3.0,8.0,4.0,2.0,1.0,5.940197613867108
44.0,53.55,4.0,3.0,1.0,3.0,1.0,2.5809918434683063
91.0,89.35,4.0,6.0,1.0,1.0,1.0,5.473634142649501
41.0,45.75,5.0,4.0,1.0,2.0,2.0,3.7438903038402147
41.0,78.55,4.0,6.0,3.0,1.6666666666666667,3.0,8.143433566371668
48.0,30.9,5.0,9.0,2.0,2.0,1.0,7.165114098912214
41.0,35.46,3.0,8.0,3.0,3.0,1.0,6.283311458871352
51.0,65.91,4.0,9.0,4.0,1.75,2.0,10.37211414089023
80.0,98.29,3.0,7.0,4.0,1.75,2.0,9.677602004260114
49.0,32.25,3.0,6.0,3.0,2.0,2.0,5.214309379642195
16.0,8.49,3.0,7.0,1.0,2.0,1.0,5.4870942322239165
25.0,43.46,3.0,7.0,5.0,2.0,2.0,7.635202722758667
41.0,29.42,4.0,4.0,1.0,3.0,3.0,3.720020316179364
16.0,10.09,3.0,6.0,3.0,2.3333333333333335,3.0,4.485725349384713
49.0,89.09,5.0,9.0,5.0,2.4,1.0,9.441234218358344
68.0,84.95,3.0,7.0,3.0,1.6666666666666667,3.0,9.055670103250275
5.0,11.17,5.0,8.0,4.0,1.5,1.0,5.810679627644245
43.0,29.65,3.0,6.0,2.0,2.0,3.0,5.691840151367281
1.0,9.07,3.0,8.0,5.0,2.4,1.0,4.877474849863499
91.0,95.82,5.0,8.0,2.0,2.0,1.0,7.538819649590373
21.0,18.05,5.0,5.0,1.0,2.0,2.0,4.076755193663674
45.0,71.4,3.0,8.0,4.0,1.75,3.0,10.694294451855587
82.0,81.33,4.0,8.0,3.0,2.0,3.0,9.991252725767554
53.0,30.54,4.0,9.0,2.0,3.0,3.0,8.298383785163768
7.0,5.55,4.0,5.0,3.0,2.0,2.0,3.290597720992241
92.0,89.51,4.0,4.0,1.0,1.0,1.0,3.8084694927921436
17.0,12.39,3.0,8.0,4.0,2.0,2.0,5.5451609818149175
81.0,91.16,5.0,3.0,1.0,3.0,2.0,3.2999854484355478
48.0,49.32,5.0,3.0,1.0,1.0,3.0,3.3733778117265105
50.0,34.47,3.0,4.0,2.0,1.5,2.0,3.7192133759196153
5.0,17.42,4.0,6.0,3.0,2.0,1.0,4.24230365721012
52.0,31.77,4.0,6.0,1.0,3.0,3.0,5.461921787274454
83.0,83.69,4.0,4.0,2.0,2.0,1.0,3.9610523200255567
50.0,57.83,4.0,6.0,3.0,2.0,2.0,6.735526523123426
47.0,24.85,5.0,6.0,2.0,1.5,3.0,5.571253267398183
63.0,64.31,5.0,5.0,2.0,2.0,2.0,5.470867770410855
19.0,17.85,3.0,7.0,2.0,1.5,1.0,5.139386309955154
1.0,96.09,3.0,6.0,0.0,0.0,3.0,5.013763560591161
91.0,99.88,4.0,8.0,5.0,1.6,2.0,11.70402429354088
19.0,10.63,3.0,6.0,2.0,2.0,2.0,4.442842943617739
69.0,94.35,4.0,9.0,1.0,2.0,3.0,8.66211540818103
57.0,43.52,3.0,4.0,1.0,3.0,2.0,3.669020922357546
36.0,23.75,3.0,5.0,2.0,1.5,1.0,3.5575546341579174
42.0,26.6,4.0,4.0,1.0,1.0,1.0,3.143913294268965
31.0,90.08,5.0,5.0,2.0,2.0,2.0,6.02759370639488
65.0,90.39,4.0,6.0,1.0,2.0,1.0,5.349713748382977
3.0,56.37,4.0,3.0,0.0,0.0,1.0,2.4655814169098473
44.0,23.0,5.0,9.0,2.0,2.5,1.0,7.118815274537004
58.0,48.79,4.0,8.0,2.0,2.5,3.0,8.09204617971988
44.0,71.86,5.0,4.0,2.0,1.5,2.0,4.941606033691026
54.0,67.43,4.0,3.0,1.0,2.0,3.0,3.48262945908207
73.0,61.82,4.0,6.0,1.0,2.0,2.0,5.674855378061144
29.0,89.86,3.0,6.0,1.0,1.0,3.0,6.202085163438495
68.0,64.59,4.0,6.0,3.0,3.0,3.0,7.435355918371985
35.0,20.16,3.0,6.0,4.0,2.25,2.0,4.467479748114561
40.0,82.37,5.0,6.0,4.0,1.75,1.0,6.502441005851346
51.0,72.44,5.0,7.0,2.0,2.5,3.0,7.762744703447276
25.0,29.07,3.0,6.0,1.0,2.0,3.0,5.360706126685492
61.0,59.81,4.0,6.0,3.0,1.6666666666666667,3.0,7.7306074452350915
62.0,81.35,3.0,5.0,2.0,1.5,3.0,6.393852828092592
31.0,23.15,5.0,5.0,1.0,2.0,2.0,4.205524746689339
61.0,78.26,4.0,5.0,1.0,1.0,1.0,4.55858981496326
38.0,19.14,3.0,8.0,6.0,2.3333333333333335,3.0,7.041997019128464
21.0,35.46,5.0,5.0,3.0,1.6666666666666667,1.0,3.9236181154599516
91.0,88.68,5.0,6.0,3.0,2.0,2.0,7.647477083749597
55.0,33.69,3.0,3.0,1.0,3.0,2.0,2.6685252175338112
71.0,60.9,3.0,4.0,1.0,3.0,3.0,4.128953641903804
31.0,30.79,5.0,7.0,2.0,2.0,2.0,6.2648812892194465
80.0,75.36,3.0,8.0,1.0,1.0,1.0,7.031915519967319
60.0,57.72,5.0,7.0,4.0,2.25,3.0,9.283655703242752
51.0,50.9,3.0,8.0,3.0,2.0,1.0,6.634966538083661
3.0,5.65,3.0,7.0,3.0,2.0,1.0,4.579455880432364
43.0,28.41,5.0,4.0,2.0,2.0,1.0,3.1305646872114807
50.0,36.97,5.0,6.0,1.0,1.0,3.0,5.681613154950083
43.0,89.18,5.0,5.0,2.0,2.0,2.0,5.942958971763047
54.0,40.85,5.0,6.0,3.0,2.0,2.0,6.007423822156802
6.0,15.12,3.0,6.0,2.0,2.0,1.0,4.323604007269518
66.0,68.93,4.0,4.0,2.0,1.5,1.0,3.7772614320648157
65.0,81.06,3.0,8.0,5.0,2.6,1.0,8.234635785758266
2.0,56.87,4.0,3.0,0.0,0.0,1.0,2.506184782340865
33.0,25.26,5.0,6.0,4.0,2.0,3.0,6.2847900932105025
41.0,82.35,4.0,6.0,2.0,2.0,1.0,5.7222892215976655
38.0,17.85,3.0,8.0,3.0,2.0,2.0,6.1573800772704
1.0,6.52,5.0,8.0,3.0,2.6666666666666665,1.0,5.980890500239379
31.0,16.28,3.0,9.0,3.0,1.3333333333333333,3.0,7.401334699137723
45.0,41.68,4.0,8.0,1.0,3.0,3.0,7.220054865716261
26.0,59.77,5.0,6.0,3.0,1.6666666666666667,2.0,6.920587474531574
18.0,90.97,3.0,6.0,2.0,1.5,3.0,7.3285572966164
60.0,44.81,5.0,9.0,1.0,2.0,3.0,8.179390379838335
91.0,89.71,4.0,9.0,5.0,2.4,3.0,12.90315093153619
27.0,23.49,4.0,5.0,4.0,2.25,2.0,4.162031782234807
64.0,87.21,5.0,3.0,1.0,3.0,3.0,3.439524033965702
9.0,67.94,5.0,5.0,0.0,0.0,3.0,4.17020207766485
70.0,60.06,4.0,7.0,4.0,2.0,3.0,9.360046918172214
62.0,64.6,3.0,3.0,1.0,1.0,2.0,3.2336233681353264
71.0,54.39,3.0,9.0,1.0,1.0,2.0,8.123421873484887
82.0,88.73,4.0,5.0,4.0,2.25,2.0,7.651122602948578
38.0,16.25,4.0,4.0,3.0,2.6666666666666665,3.0,3.46580495773093
10.0,13.86,4.0,5.0,2.0,2.0,1.0,3.5600595318905044
51.0,29.56,5.0,7.0,2.0,3.0,2.0,6.16128582234997
21.0,27.68,3.0,8.0,5.0,1.6,1.0,5.515920781822903
26.0,11.03,3.0,7.0,2.0,1.0,2.0,5.268440877312126
20.0,69.0,3.0,9.0,1.0,2.0,2.0,8.20660211629532
44.0,42.3,5.0,5.0,4.0,1.75,1.0,4.19568234521228
21.0,59.23,5.0,6.0,4.0,2.25,1.0,5.602910188516314
75.0,61.03,3.0,7.0,2.0,2.0,2.0,7.06261328475265
39.0,72.69,3.0,9.0,5.0,2.4,1.0,8.620917408414627
59.0,41.49,4.0,6.0,2.0,2.5,2.0,5.645303459230745
47.0,27.48,5.0,4.0,4.0,1.75,3.0,4.806282332067571
67.0,58.41,5.0,6.0,4.0,1.75,3.0,8.593831547751732
45.0,55.18,3.0,6.0,4.0,1.75,3.0,8.398959768208732
26.0,98.24,5.0,5.0,3.0,2.0,2.0,7.03078984357767
38.0,62.65,3.0,3.0,0.0,0.0,2.0,2.5104167742085557
51.0,28.11,3.0,7.0,2.0,2.5,1.0,5.32712971633056
70.0,91.08,4.0,6.0,2.0,2.0,1.0,5.873892878402954
1.0,3.06,5.0,4.0,3.0,1.6666666666666667,1.0,2.5457881471013173
18.0,62.6,5.0,5.0,3.0,2.3333333333333335,2.0,6.072899033699039
48.0,25.19,5.0,6.0,2.0,1.5,1.0,4.663997257840997
55.0,43.84,4.0,9.0,4.0,2.25,2.0,9.052780461667368
81.0,93.2,3.0,9.0,4.0,2.25,3.0,11.754138295845845
54.0,34.76,5.0,6.0,3.0,2.0,2.0,5.669466403082555
20.0,15.47,3.0,3.0,1.0,3.0,2.0,2.3845606564461965
32.0,22.56,4.0,8.0,3.0,2.0,2.0,6.602222119408539
25.0,13.84,3.0,9.0,3.0,2.6666666666666665,3.0,7.267188645024385
14.0,4.8,5.0,9.0,5.0,2.0,3.0,6.469557751494353
30.0,24.95,4.0,4.0,1.0,3.0,3.0,3.5923749112317753
40.0,65.87,4.0,4.0,1.0,1.0,3.0,4.369637739555029
19.0,86.6,5.0,5.0,1.0,2.0,2.0,5.0875095975069335
23.0,15.23,5.0,9.0,4.0,2.25,1.0,6.675891506082372
51.0,34.03,5.0,5.0,2.0,3.0,2.0,4.651632782130577
19.0,32.53,5.0,6.0,2.0,1.5,1.0,4.808722948674353
74.0,57.99,5.0,9.0,4.0,2.25,3.0,10.899326871625261
47.0,36.93,4.0,9.0,5.0,1.6,2.0,8.893269226365044
53.0,51.46,3.0,5.0,1.0,1.0,3.0,5.027637624932219
58.0,80.62,3.0,6.0,4.0,2.0,3.0,9.253705826835523
65.0,93.13,4.0,3.0,1.0,1.0,1.0,2.993277144255008
62.0,41.09,5.0,3.0,2.0,1.5,1.0,2.410909132867592
53.0,36.72,5.0,7.0,2.0,2.5,1.0,5.694287388948003
66.0,48.26,4.0,4.0,2.0,1.5,2.0,4.318303817509698
69.0,92.53,3.0,6.0,2.0,2.0,1.0,5.718369517623082
96.0,96.74,3.0,3.0,1.0,1.0,3.0,3.7179767119006564
26.0,21.7,5.0,4.0,3.0,2.6666666666666665,1.0,2.862566199032558
51.0,37.02,4.0,7.0,4.0,1.75,2.0,6.943764711160809
32.0,49.78,3.0,3.0,2.0,2.0,2.0,3.4027202806761254
14.0,2.94,3.0,9.0,2.0,2.5,1.0,6.945736257840956
33.0,37.66,5.0,3.0,1.0,3.0,1.0,2.473372569747024
32.0,57.64,4.0,4.0,0.0,0.0,2.0,3.360254873368393
87.0,84.81,3.0,5.0,1.0,2.0,1.0,4.444199658435682
71.0,54.23,5.0,4.0,2.0,1.5,3.0,5.079195000349231
32.0,35.09,5.0,7.0,4.0,2.0,3.0,7.963594481251292
18.0,9.95,5.0,6.0,2.0,1.5,3.0,4.833723667361592
34.0,68.05,3.0,8.0,3.0,1.6666666666666667,3.0,9.597105991397823
46.0,54.71,3.0,8.0,4.0,1.5,3.0,10.217598912041087
73.0,93.16,4.0,4.0,1.0,3.0,1.0,3.752573405000076
15.0,25.44,4.0,5.0,2.0,2.0,1.0,3.8614384892208884
62.0,47.91,4.0,7.0,1.0,2.0,2.0,6.294869648844885
25.0,85.94,5.0,7.0,2.0,1.0,3.0,8.183055129414866
55.0,88.34,4.0,3.0,1.0,1.0,3.0,3.6783762918721545
28.0,13.98,5.0,8.0,2.0,1.5,1.0,6.132669243677563
37.0,17.74,4.0,4.0,2.0,1.5,2.0,3.099574537781926
13.0,22.08,5.0,9.0,5.0,2.2,1.0,6.650952809503345
9.0,19.76,5.0,3.0,2.0,1.5,3.0,2.869001784308706
41.0,22.03,3.0,5.0,2.0,1.5,2.0,4.003100741732455
25.0,53.24,5.0,6.0,2.0,1.5,3.0,6.735191591715082
70.0,51.97,4.0,5.0,1.0,3.0,1.0,4.251223753296073
23.0,91.54,4.0,5.0,1.0,3.0,1.0,4.561689935415503
36.0,97.6,5.0,6.0,4.0,2.25,3.0,9.398782239329556
18.0,18.95,5.0,5.0,2.0,2.0,1.0,3.808269536799613
69.0,92.8,5.0,4.0,2.0,1.5,3.0,5.723120150026355
75.0,65.1,5.0,3.0,1.0,1.0,2.0,3.268871412220482
60.0,79.55,5.0,6.0,5.0,2.6,3.0,9.721430536001659
39.0,87.15,3.0,6.0,3.0,1.6666666666666667,2.0,7.667859694492204
40.0,21.95,4.0,8.0,3.0,2.0,3.0,7.240817130998036
5.0,6.17,5.0,4.0,1.0,3.0,1.0,3.2115065592402208
23.0,33.75,5.0,6.0,5.0,1.8,1.0,4.5820214240847985
42.0,35.12,4.0,8.0,3.0,2.3333333333333335,3.0,8.28553607222955
61.0,70.66,3.0,3.0,1.0,3.0,1.0,2.6865499796204797
81.0,70.66,3.0,4.0,2.0,3.0,3.0,5.034264741600979
60.0,51.7,5.0,6.0,2.0,2.0,2.0,6.034609764002729
74.0,85.57,4.0,6.0,4.0,1.25,1.0,6.608100763101529
51.0,52.49,3.0,7.0,1.0,1.0,3.0,6.719110695698418
77.0,87.46,4.0,4.0,2.0,2.0,2.0,5.053489422908061
10.0,10.91,4.0,7.0,3.0,1.6666666666666667,1.0,4.988256598094583
59.0,57.46,4.0,7.0,1.0,1.0,3.0,6.751488107135557
63.0,64.48,5.0,5.0,2.0,2.0,1.0,4.616436938270178
58.0,95.25,3.0,3.0,1.0,3.0,1.0,2.926386455729042
58.0,37.97,5.0,9.0,3.0,1.6666666666666667,2.0,8.468277947857182
78.0,88.01,4.0,8.0,4.0,1.75,2.0,10.271549010495166
59.0,96.34,3.0,4.0,3.0,2.0,2.0,6.104007806236438
20.0,26.52,4.0,5.0,2.0,2.0,3.0,4.872270188430916
37.0,28.12,3.0,6.0,3.0,2.3333333333333335,3.0,5.988431381211805
4.0,23.55,5.0,3.0,0.0,0.0,3.0,2.4903678662213027
1.0,8.96,4.0,8.0,2.0,2.5,1.0,6.027957746529766
40.0,22.69,4.0,7.0,3.0,1.6666666666666667,1.0,5.1187285720515705
19.0,67.65,4.0,3.0,0.0,0.0,2.0,2.517581074386939
23.0,77.67,3.0,9.0,5.0,2.6,3.0,12.345574006073125
35.0,40.36,5.0,3.0,1.0,3.0,1.0,2.495671551074208
15.0,49.52,3.0,3.0,0.0,0.0,1.0,2.5030016823484447
43.0,40.13,3.0,8.0,3.0,2.0,2.0,7.550583729894021
24.0,32.41,5.0,4.0,0.0,0.0,2.0,3.359981111621283
61.0,72.51,5.0,7.0,2.0,3.0,1.0,6.395354122780319
27.0,30.11,3.0,3.0,1.0,2.0,3.0,2.8330226043702877
42.0,26.67,3.0,3.0,1.0,2.0,3.0,2.7248474944376446
1.0,5.47,3.0,3.0,2.0,2.5,1.0,1.732781389618193
64.0,44.08,4.0,5.0,3.0,2.6666666666666665,1.0,4.1485070925907
85.0,81.26,3.0,4.0,2.0,2.0,1.0,3.989827916990125
86.0,92.78,4.0,7.0,4.0,2.0,2.0,9.43839445085717
61.0,95.08,3.0,6.0,5.0,1.6,3.0,10.995333926961466
36.0,20.29,3.0,9.0,3.0,2.3333333333333335,3.0,7.6678102526647525
62.0,47.73,3.0,5.0,4.0,2.5,1.0,3.985727483728242
70.0,53.42,5.0,8.0,3.0,1.3333333333333333,3.0,9.260102401662285
20.0,48.94,5.0,9.0,1.0,3.0,2.0,7.903128136101142
14.0,37.79,5.0,7.0,2.0,2.5,2.0,6.384821183098389
28.0,36.6,3.0,8.0,0.0,0.0,3.0,6.6815074563386485
84.0,90.47,3.0,8.0,4.0,3.0,2.0,9.787398413183524
50.0,34.9,4.0,6.0,3.0,2.0,3.0,6.527824008093681
83.0,82.85,3.0,3.0,1.0,1.0,1.0,2.8757732648080454
18.0,7.44,3.0,9.0,3.0,1.6666666666666667,1.0,6.569311630410581
40.0,37.44,4.0,9.0,3.0,2.6666666666666665,2.0,8.211038393306612
63.0,54.13,4.0,7.0,3.0,1.3333333333333333,1.0,6.0505519488851345
55.0,39.67,4.0,6.0,1.0,3.0,3.0,5.566776038318409
8.0,8.32,4.0,8.0,3.0,1.6666666666666667,3.0,6.0115467532736595
32.0,14.65,3.0,8.0,2.0,2.5,2.0,6.268550457756252
56.0,37.41,4.0,8.0,1.0,2.0,3.0,7.230836956979225
73.0,57.04,5.0,6.0,4.0,1.75,1.0,5.551882737339747
48.0,47.37,3.0,4.0,1.0,2.0,2.0,3.720799933049396
35.0,39.98,3.0,5.0,1.0,3.0,3.0,4.7120980611850225
10.0,16.32,3.0,5.0,2.0,1.0,1.0,3.432078790452319
62.0,94.85,5.0,8.0,2.0,1.5,2.0,8.652319213784276
28.0,90.68,3.0,3.0,0.0,0.0,2.0,2.5324774157629104
49.0,46.84,3.0,6.0,4.0,2.0,3.0,7.915519770670612
39.0,29.52,5.0,7.0,2.0,2.5,2.0,6.116445522829904
32.0,29.48,3.0,6.0,1.0,3.0,3.0,5.348493661206999
3.0,20.31,3.0,9.0,4.0,2.25,1.0,6.3468225997749155
62.0,76.55,4.0,7.0,3.0,2.6666666666666665,1.0,6.622872388535003
20.0,26.53,3.0,9.0,4.0,1.5,3.0,8.623878225761139
91.0,90.42,4.0,8.0,4.0,1.75,3.0,11.183332987682565
1.0,6.06,4.0,4.0,2.0,1.0,1.0,2.644140540593121
72.0,61.87,5.0,4.0,2.0,2.0,1.0,3.75749515820398
58.0,57.17,3.0,4.0,2.0,2.0,2.0,4.472334398323988
79.0,70.83,4.0,3.0,2.0,1.0,3.0,4.63275949634001
1.0,3.22,3.0,3.0,3.0,2.0,1.0,1.238005955960585
40.0,23.94,3.0,3.0,1.0,3.0,2.0,2.530872379424732
44.0,46.78,5.0,4.0,1.0,3.0,3.0,3.9665549407953793
1.0,2.47,4.0,4.0,2.0,2.5,2.0,2.799600800514123
36.0,83.46,5.0,9.0,6.0,1.5,1.0,9.780548469943058
23.0,18.99,3.0,3.0,2.0,2.5,2.0,2.1903785963021103
23.0,21.88,5.0,4.0,1.0,2.0,1.0,3.0673903377485314
58.0,37.41,5.0,5.0,2.0,1.5,3.0,5.357097871270015
44.0,26.98,5.0,8.0,4.0,1.75,2.0,7.1979638507354595
88.0,98.22,3.0,6.0,3.0,2.6666666666666665,1.0,6.259017982013419
73.0,62.06,5.0,8.0,2.0,2.0,1.0,7.1376250760970255
37.0,19.0,3.0,8.0,3.0,2.0,3.0,6.825275709360717
56.0,68.03,4.0,9.0,6.0,2.1666666666666665,1.0,8.598531001298662
60.0,41.85,3.0,4.0,1.0,1.0,3.0,4.077257146755189
27.0,41.22,3.0,6.0,1.0,2.0,1.0,4.843922723833888
53.0,33.39,4.0,7.0,4.0,2.25,2.0,6.573313836713408
79.0,79.53,3.0,9.0,1.0,2.0,2.0,8.360920216844146
65.0,87.61,4.0,7.0,1.0,2.0,1.0,6.2132399290494735
6.0,13.21,4.0,6.0,3.0,3.0,3.0,4.870813935477975
20.0,39.37,4.0,4.0,1.0,3.0,1.0,3.2927972043299083
71.0,60.61,3.0,3.0,3.0,1.3333333333333333,2.0,4.494450502906774
42.0,23.79,3.0,7.0,2.0,3.0,1.0,5.417276208898695
69.0,86.46,3.0,4.0,2.0,2.0,1.0,4.07764852127351
